{
  "train_accuracy": 1.0,
  "val_accuracy": 0.9666666666666667,
  "val_precision": 1.0,
  "val_recall": 0.9333333333333333,
  "val_f1": 0.9655172413793104,
  "accuracy": 1.0,
  "precision": 1.0,
  "recall": 1.0,
  "f1": 1.0,
  "confusion_matrix": [
    [
      15,
      0
    ],
    [
      0,
      15
    ]
  ],
  "feature_importance": {
    "amplitude_mean": 0.04425535536081147,
    "amplitude_std": 0.031001707801672124,
    "amplitude_max": 0.12464743053441409,
    "amplitude_min": 0.00014092755957392314,
    "amplitude_range": 0.09310722836618308,
    "phase_circular_mean": 0.0002647378622417624,
    "phase_circular_std": 0.17155299759361015,
    "phase_stability": 0.1782511877658269,
    "autocorr_lag1": 0.031218225035367194,
    "zero_crossing_rate": 0.015647162855155824,
    "spectral_entropy": 0.28207180842494783,
    "temporal_variance": 0.02784123084019564
  }
}